<?xml version="1.0" encoding="UTF-8"?>
<order>
  <id>56889465</id>
  <date>12.8.2007</date>
  <lineitems>
    <item>
      <quantity>5</quantity>
      <unit>pound</unit>
      <price>0.99</price>
      <good>Potatoes</good>
    </item>
    <item>
      <quantity>4</quantity>
      <unit>pound</unit>
      <price>2.90</price>
      <good>Beef</good>
    </item>
    <item>
      <quantity>1</quantity>
      <unit>piece</unit>
      <price>0.90</price>
      <good>Salad</good>
    </item>
    <item>
      <quantity>1</quantity>
      <unit>piece</unit>
      <price>1.99</price>
      <good>Ketchup</good>
    </item>
    <item>
      <quantity>6</quantity>
      <unit>piece</unit>
      <price>0.99</price>
      <good>Cookies</good>
    </item>
  </lineitems>
</order>