<?xml version="1.0" encoding="UTF-8"?>
<beans xmlns="http://www.springframework.org/schema/beans"
	xmlns:xsi="http://www.w3.org/2001/XMLSchema-instance"	
	xsi:schemaLocation="
       http://www.springframework.org/schema/beans http://www.springframework.org/schema/beans/spring-beans.xsd
       http://camel.apache.org/schema/spring http://camel.apache.org/schema/spring/camel-spring.xsd">

  	<camelContext xmlns="http://camel.apache.org/schema/spring" trace="true">
		<packageScan>
			<package>de.predic8.camel.jms</package>
		</packageScan>
	</camelContext>

	<bean id="activemq" class="org.apache.activemq.camel.component.ActiveMQComponent">
		<property name="connectionFactory">
			<bean class="org.apache.activemq.ActiveMQConnectionFactory">
				<property name="brokerURL" value="tcp://localhost:61616" />
			</bean>
		</property>
	</bean>

	<!-- 
	<bean id="txManager" class="org.springframework.jms.connection.JmsTransactionManager">
		<property name="connectionFactory">
			<bean class="org.apache.activemq.ActiveMQConnectionFactory">
				<property name="brokerURL" value="tcp://localhost:61616"/>
			</bean>
		</property>
	</bean>
 	-->
	
</beans>
